{
  "0xa672914aA5fd8C9F749EBc4e9B2c2BBEDBe98297": 0.198912133995,
  "0x56836F47F66B780ab8D9e28c21e1ee32366aE749": 0.302543775917,
  "0x0866B9aC153dd1F49662B0648E8Fd4465f8cAa18": 0.311686944962,
  "0x0d9133e2E4e6a76f5633453681c6F7106E6FFA6e": 0.343376656858,
  "0xc81c81908EA211A47d530D3036a32BE332E33395": 0.418698790542,
  "0x2346ec020397e426a781d0ad2b55e6b71432808f": 0.43634663919899996,
  "0xC6AeA03B6e85a32aDe0A8E65d12667ff82ce74d5": 0.449214006094,
  "0x57071941815E3A552B9Dc4b08997321B7B822D57": 0.539518641848,
  "0x728E42a279550Af994CD805B1F11A10feBEe09FE": 0.5696623869540001,
  "0x2BbBc34e3d8Bf009D7Dd16D8ff8c486362db0E27": 0.5696623869540001,
  "0xA1A3610C60FcAcf3FA9F2b630AE878Ef0EaaD025": 0.587687846041,
  "0xe6ea2caa45eefc6258d568f81a8cd9c93a883531": 0.593218542309,
  "0x74381D728051A3E4838DF87CE0Ca7Fb55B3b4D5a": 0.669842588131,
  "0xC0F7FBBf4572ebfbe6B5Fe9Ef91EbbCA791595ac": 0.915091347961,
  "0xeE0544c46a6D31f24941FB253612ae0AD8ad75ad": 1.050727543966,
  "0x5Fb15e021A226953749ddE4C9f9e5479f65E6018": 1.123075413525,
  "0xdA99956BDcE8a100a01410C4978064cB09935709": 1.13737526349,
  "0xe6f59f303C86F39Cdf5624a91c3c006a186f4015": 1.1771691184350002,
  "0xD69834B80C19E97dA88f07A0D870D8D7B29640fE": 1.2312157796840002,
  "0xbf7d2b1158855e2CB13AA2AC8721974248a13b02": 1.285740210102,
  "0x16d56a8c2AfE8498F4C7a659A22061f18b1609dE": 1.28607463425,
  "0xD07E93861980381f1F6292bb5509B002031449d3": 1.298088590673,
  "0x6bcbc6D6C447e7c5d31A5b2C3d9c76DbB0D4a574": 1.313068548571,
  "0xCEAae7DDfAa65FC3f5d380f2b4dfDE50A380B3b4": 1.3443077293230001,
  "0x7EB98eBB16d6cb8BB41ef987b336f9004BF09A34": 1.377394687118,
  "0x1ca2478D4E915F3B74F90ec31EE42616d404DAA9": 1.45797761923,
  "0x03120b091323468DE581ca30c41e0De88EeC4ed2": 1.502274554623,
  "0xe0704ee313BE015F6ff4c04D5A21333cdda3F9C2": 1.5561913726349998,
  "0x3b89b78a5e15e578A532289a6BEFf18042aab78E": 1.566233710104,
  "0x03D8EDF7DD3062bB964867aF47ce9e902B78d1df": 1.636206647584,
  "0xC9a83685E9F8D347013d91290c12667Cf132951D": 1.727782009436,
  "0x6512890d19aeBf0f9149f8165a381fACFf35B512": 1.795812949845,
  "0x0691F170f7129144373dE0A51E196f81E35B88c1": 1.885089804645,
  "0xA66b25EF7e09804299dcB1440AaCacD596de9822": 2.009262487953,
  "0xef180F6BA471005B8427dCa15a80F92B44f31151": 2.207876334811,
  "0xaDb9B198A7EF60fCF37FFe4967808503143EFB11": 2.222643000817,
  "0xC63A3240DeD1b3D4791d50E0AB1A47e59F276A7d": 2.222643000817,
  "0xE4266d00389551Ed8Aa14Cd26c7b156711989d3d": 2.249927366483,
  "0xc772e53FF3698beC873bEa3FC20F96315944C36D": 2.2773415290220003,
  "0x00e90217e5545bA94a48335aDb72DC1a7bB7F019": 2.277347741392,
  "0x8bB50507e3b5ee69D4492A1B425A49db1883557E": 2.2814550992809997,
  "0x7B7C9e328a5C23ce24f6a989166b318edC0683E7": 2.3049041311489997,
  "0xd0daC6E6414C25e970Ea725d3D343270D3b484a0": 2.318733332383,
  "0x3Fa439d18524534B658406d2ed51A57192719687": 2.520471591272,
  "0x37e1447E7e244948989C4304662EaaC0e6d260C1": 2.790687618978,
  "0x66E4DAa36d6770DDeadD48e001383a026C6eA5bf": 2.854302681275,
  "0xDD754986476656F60f82d6F8ff3ca5a1eD171B51": 2.873367609975,
  "0xaD19fED47c68f519768b5e094A13180BBED5275f": 2.8997563202679997,
  "0xB5382c4a3944b020f440709Bed47340eC8FbB558": 2.9762077829480003,
  "0x593502BaAc4b5C8e52A325bd752d2dc7D6c5EF0E": 3.100277564682,
  "0x04Ee618AA2216F2661672A949471485C5E9F5646": 4.045849348691,
  "0xa9487F7d254ED1cb0ca6dc29f0edbF23ef91B721": 4.400512542542,
  "0xD270813Dc21a4Fd9A99841b821206ef8434d92f1": 4.491058163826,
  "0x0d54Eaf8315911e40B421248aFB38C68940313fb": 4.7185557791,
  "0x464c4a77d11B752a495EAb76F8040581D83e2462": 4.7185557791,
  "0xAcc15C13D45A63EB4B4003BaB32DEdd94f3f3600": 4.7185557791,
  "0x97D9abB3Be482Da81E19BEd611982AD43CeAcFcF": 4.951681263494,
  "0x36bb8a019a99d65D6C05E51518CebaE19Bc37D33": 5.098521255744,
  "0xc85BBFBbAcD4ca2FA5749d66002e61Be60583c1A": 5.656846277391001,
  "0x2C737665badb35128F6E6439C5B584FFf2301DcE": 5.697548838063,
  "0xc997dc9F78044F76B605DD77bdD7F89Dc9749D54": 5.898978792324,
  "0x01E51e7f0eBd9BD728F6B4945f65Fe5F18f9E985": 6.13259456661,
  "0x3ee3cA61362ea57fa3A2BD4E55b478CdC0031262": 6.717908686003,
  "0x27bA7A87f142179D38C1930FdA9d667E36886b1a": 6.7342397170920005,
  "0xf7A8Ca45A98A054005FE1C9F69652a91218c96cd": 6.878013234885,
  "0x76d1E82ce6B34C947dF36E2B38860A75F3629AC0": 7.554661669372,
  "0xCe8A56093761272596447537683CdD370c1c13F2": 7.658974695373001,
  "0xfe917ae50BaE00B8963018C419327A49b7b9019C": 7.892285355686,
  "0x8a89017045A90B16CE152E1A3C090856B83B6Da2": 7.969204992847,
  "0x2D057dA9f723870B8e70390f01102E3b88487423": 8.319810735436,
  "0xAae27DE4989D7987Ad1D7ee52a88cC081359F52F": 8.448177854627001,
  "0x13a86449686ff27A905ebB31b38E584168893Ccc": 8.870595428055,
  "0x7183e8ef07539C6673dFa858F7e671C86Bf8Dc04": 8.998910994011,
  "0x60dF3E07d07Ed1Bb1d162f3F82776C753935817E": 9.053650510240999,
  "0x7Ae3473FC8c1e395203904704D65e8f9827C43c7": 9.053706742224001,
  "0xEf86b632dCc027Fe6719A371380C50CC58Ea216f": 9.103571995237001,
  "0xAA98108c7B2E7F59EAcc5e0E148A0B71a2e87322": 9.228744406732,
  "0xDa9DD3F4866f6b1DC95D748555B3963dbB216E7f": 9.947367195031,
  "0x160DEf4c610D96200468c0E8437eEA3Dde3065bD": 10.361277627695,
  "0xacC2Fc552147379167722F5d33271C2cDf8AC352": 10.747685463726,
  "0xa309592a86CD74a6d18805A9758D0611c07BFbd3": 11.174878970463,
  "0x6991F573f094810808A85b54f8e5665e3299C87d": 11.484332675567,
  "0x39b4f0AFA6AeD5F479c844505bd1D40a5B92c599": 11.758357564002,
  "0x99D2E6DC77c6f8222eaE82B1f0A0b21036023Fa4": 12.790333301052,
  "0xe576c79f2874E2C922a75f5Cab29594BBaD8b862": 13.063250766268002,
  "0x99653eBe6c5aECC2575415Ba1408C119EEbbF57c": 13.453606700113,
  "0x80C6f990C6d2A569CA832c94a7DE61aBcdac845f": 13.870958573076999,
  "0xdf56E843d5dE49A7C7dE64DEB2108BaDfD40bB83": 14.470394652815,
  "0x05C0c3877E82841156575A6eD14a2839DC7D05B1": 15.965224151213999,
  "0x55B57ddC6E88596D5Ea8f9c2E0a669EFE6eDde65": 16.051543917044,
  "0xf1461f5341908215C435FDB8d2E5611e8fcA9622": 16.506276120575,
  "0x66FdA340C52C7C81364F6f8991F7B841C61ba6e5": 16.520218740438,
  "0xf19a2Ef8e815Ac0d3E65AE3cC029401D303717c7": 18.328842672744,
  "0x37E18C00Bf18A4faAF807042FbDe3C8Fd5F02167": 18.639268773889,
  "0x0d312f42f64F72428b0a300A4657dEd1aBc8f779": 18.809702534034997,
  "0xe1C44306aa5Df31BbC32de959B6892cf4b634ee7": 19.879786835592,
  "0xbce0dd0a2e1b10510d5a7eab15ea9ef5a61c6868": 21.007384987014,
  "0x5a35ea61eE7948baA14C6Ff5e8d2ac27E5B9d6b4": 21.420957391792,
  "0xa844Cdc6649DbaC46109d815Ad86e546F08E5fb2": 21.54740061617,
  "0xDd324FA402C4d9002aE1f5EA55f2Bed0C9d41e9D": 21.915681219912003,
  "0xc16D6Bc3E68cb3981eD7B84AeB6d2425E1b51230": 21.933018059261002,
  "0x1bBe3Cae025d6CB332904e26AA4a3Df47523912E": 22.989691226051,
  "0xb8B903307b425b0Eb23945669A564B456F82C63F": 22.989691226051,
  "0x190EE2b555BC8664f3d27E2032d7EAae08bF64e5": 23.204546362461997,
  "0xEE9017578e1d39812470D1E69bAa2Bc865664840": 23.663783065555997,
  "0x3934B681Fc32720239B25a8917FBAF03726888De": 23.673221287786003,
  "0xb967C6a5e450BbaF1074b99f431966d93f7f36B6": 25.694968411397,
  "0x802CBaC3a31Aa292613929B8f4209352699d8c22": 25.890998053529998,
  "0x9127329Ecb359Cd57A52231afd3E288707C7cd9D": 28.530071900699,
  "0x3d9757A55D522f261a0a1BDB3F0a705D426f2d3b": 31.591149834729,
  "0x1835dd4dceD1AA6395400fF41BBa98537Cee6c92": 31.8497239545,
  "0x5A556b0087fEF375f8b5DE747f9e43c9Ef9903ee": 32.262294090872,
  "0x636092b7AD8378A32222Aa619F329Fc1A6272a9C": 32.987960148322,
  "0xF7B10D603907658F690Da534E9b7dbC4dAB3E2D6": 34.264614356023,
  "0x90EA897D1E1992153b6A4B6484BA913d5A01932b": 34.830782860505,
  "0xe7fDA487562212Ada8CcD1B7aBb7fF45e8DA73Db": 39.17099222254,
  "0x9e6bF5Ca61fF67175c7FC18F6781396187C36062": 47.326058482399006,
  "0xf343FB177341AdC6db6DA6Fc963818De70EAea08": 47.50859344826,
  "0x2cB7649F834035C248bC9Ecf036b3F7bbbaD38ac": 47.75795238525,
  "0x6271C9a74B5FD9E9153CfC7f5381331Dd3dcc9dc": 47.803401788817,
  "0x72dC7Af16FC3Dcf549C3317F3882038FdEd1921f": 51.178843032945,
  "0x4B81E87DCF8182867DB56cc77EB43cdbf09F6855": 56.413346643609,